patient_id,dose,viability,log_dose
ACH-000219,1.0,0.0771307806827628,0.0
ACH-000219,0.25,0.075706080430566,-1.3862943611198906
ACH-000219,0.0625,0.1244118931662666,-2.772588722239781
ACH-000219,0.015625,0.0956609010515242,-4.1588830833596715
ACH-000219,0.00390625,0.1516750653973859,-5.545177444479562
ACH-000552,1.0,0.3421531426882807,0.0
ACH-000552,0.25,0.3473654138458419,-1.3862943611198906
ACH-000552,0.0625,0.4005833939807385,-2.772588722239781
ACH-000552,0.015625,0.4547281398196454,-4.1588830833596715
ACH-000552,0.00390625,0.640741459718858,-5.545177444479562
ACH-000219,1.0,0.1801136277726537,0.0
ACH-000219,0.25,0.2083640775965042,-1.3862943611198906
ACH-000219,0.0625,0.1745433720912651,-2.772588722239781
ACH-000219,0.015625,0.1852212074935361,-4.1588830833596715
ACH-000219,0.00390625,0.2431055989839273,-5.545177444479562
ACH-000580,1.0,0.1532053379075849,0.0
ACH-000580,0.25,0.1945973432502385,-1.3862943611198906
ACH-000580,0.0625,0.2107961604762284,-2.772588722239781
ACH-000580,0.015625,0.2300541214877391,-4.1588830833596715
ACH-000580,0.00390625,0.2932262542608171,-5.545177444479562
ACH-000580,1.0,0.1109245847936972,0.0
ACH-000580,0.25,0.1342294219729986,-1.3862943611198906
ACH-000580,0.0625,0.1557193904498377,-2.772588722239781
ACH-000580,0.015625,0.1768127319917015,-4.1588830833596715
ACH-000580,0.00390625,0.2059427768826592,-5.545177444479562
ACH-000552,1.0,0.3278761952664982,0.0
ACH-000552,0.25,0.3450877360038863,-1.3862943611198906
ACH-000552,0.0625,0.3425593105509972,-2.772588722239781
ACH-000552,0.015625,0.3957374846338083,-4.1588830833596715
ACH-000552,0.00390625,0.5437272387614621,-5.545177444479562
ACH-000219,1.0,0.1464956942344516,0.0
ACH-000219,0.25,0.1202466160596009,-1.3862943611198906
ACH-000219,0.0625,0.1440567418551925,-2.772588722239781
ACH-000219,0.015625,0.1384741638570811,-4.1588830833596715
ACH-000219,0.00390625,0.1763581801878835,-5.545177444479562
ACH-000580,1.0,0.0901471601326204,0.0
ACH-000580,0.25,0.0959149974749415,-1.3862943611198906
ACH-000580,0.0625,0.1003901146705896,-2.772588722239781
ACH-000580,0.015625,0.1058203626752445,-4.1588830833596715
ACH-000580,0.00390625,0.1221111066892092,-5.545177444479562
ACH-000552,1.0,0.3816642402965142,0.0
ACH-000552,0.25,0.3859103478007072,-1.3862943611198906
ACH-000552,0.0625,0.4455181916269476,-2.772588722239781
ACH-000552,0.015625,0.5117081345733919,-4.1588830833596715
ACH-000552,0.00390625,0.6193534955212991,-5.545177444479562
ACH-000750,1.0,0.0524359925332025,0.0
ACH-000750,0.25,0.1112937474912098,-1.3862943611198906
ACH-000750,0.0625,0.3161668488410927,-2.772588722239781
ACH-000750,0.015625,0.3905605360529947,-4.1588830833596715
ACH-000750,0.00390625,0.4463455498789629,-5.545177444479562
ACH-001345,1.0,0.6135015387044016,0.0
ACH-001345,0.25,0.713458567386655,-1.3862943611198906
ACH-001345,0.0625,0.7155530447354498,-2.772588722239781
ACH-001345,0.015625,0.7236673826203835,-4.1588830833596715
ACH-001345,0.00390625,0.7662010589020661,-5.545177444479562
ACH-002140,1.0,0.1788899611160731,0.0
ACH-002140,0.25,0.2001170396568155,-1.3862943611198906
ACH-002140,0.0625,0.183885596859297,-2.772588722239781
ACH-002140,0.015625,0.3217741400149371,-4.1588830833596715
ACH-002140,0.00390625,0.4913908429484518,-5.545177444479562
ACH-001307,1.0,0.5048009916786604,0.0
ACH-001307,0.25,0.4428709596062634,-1.3862943611198906
ACH-001307,0.0625,0.4174677904819722,-2.772588722239781
ACH-001307,0.015625,0.4490924403995724,-4.1588830833596715
ACH-001307,0.00390625,0.6136057115963951,-5.545177444479562
ACH-001704,1.0,0.816215161062515,0.0
ACH-001704,0.25,0.7960070430687483,-1.3862943611198906
ACH-001704,0.0625,0.9037206919756,-2.772588722239781
ACH-001704,0.015625,0.9146449274571432,-4.1588830833596715
ACH-001704,0.00390625,0.8753709267833247,-5.545177444479562
ACH-000935,1.0,0.0850042350003674,0.0
ACH-000935,0.25,0.2265120527700905,-1.3862943611198906
ACH-000935,0.0625,0.2630193709635454,-2.772588722239781
ACH-000935,0.015625,0.2640152779927496,-4.1588830833596715
ACH-000935,0.00390625,0.2689688490821435,-5.545177444479562
ACH-000863,1.0,0.535735983707379,0.0
ACH-000863,0.25,0.5731728981558487,-1.3862943611198906
ACH-000863,0.0625,0.5404901954812459,-2.772588722239781
ACH-000863,0.015625,0.5616218056909523,-4.1588830833596715
ACH-000863,0.00390625,0.6347493529253764,-5.545177444479562
ACH-000986,1.0,0.6452148284891008,0.0
ACH-000986,0.25,0.4607436649369718,-1.3862943611198906
ACH-000986,0.0625,0.9436123298137156,-2.772588722239781
ACH-000986,0.015625,1.0,-4.1588830833596715
ACH-000986,0.00390625,0.7704216313952709,-5.545177444479562
ACH-000644,1.0,0.3818792815578555,0.0
ACH-000644,0.25,0.3970040641021405,-1.3862943611198906
ACH-000644,0.0625,0.3978822627915993,-2.772588722239781
ACH-000644,0.015625,0.452436145063375,-4.1588830833596715
ACH-000644,0.00390625,0.5132250134270627,-5.545177444479562
ACH-000963,1.0,0.8805414067484665,0.0
ACH-000963,0.25,0.9105433518772812,-1.3862943611198906
ACH-000963,0.0625,0.9602203764273578,-2.772588722239781
ACH-000963,0.015625,1.0,-4.1588830833596715
ACH-000963,0.00390625,1.0,-5.545177444479562
ACH-000957,1.0,0.8063167636657321,0.0
ACH-000957,0.25,0.4275636782737589,-1.3862943611198906
ACH-000957,0.0625,0.8656362097169169,-2.772588722239781
ACH-000957,0.015625,0.6996783516033226,-4.1588830833596715
ACH-000957,0.00390625,0.8188694194003177,-5.545177444479562
ACH-002096,1.0,0.2665196593260276,0.0
ACH-002096,0.25,0.2231481983325607,-1.3862943611198906
ACH-002096,0.0625,0.2139911924460765,-2.772588722239781
ACH-002096,0.015625,0.2065988810714909,-4.1588830833596715
ACH-002096,0.00390625,0.2575506449511203,-5.545177444479562
ACH-002148,1.0,0.2412242158412726,0.0
ACH-002148,0.25,0.3032023502504075,-1.3862943611198906
ACH-002148,0.0625,0.2367068884215518,-2.772588722239781
ACH-002148,0.015625,0.220402277601124,-4.1588830833596715
ACH-002148,0.00390625,0.2238185535963385,-5.545177444479562
ACH-000615,1.0,0.2469529865999393,0.0
ACH-000615,0.25,0.2358795216356582,-1.3862943611198906
ACH-000615,0.0625,0.2644798987408723,-2.772588722239781
ACH-000615,0.015625,0.3056675815902944,-4.1588830833596715
ACH-000615,0.00390625,0.2807004223569053,-5.545177444479562
ACH-002263,1.0,0.2148591070329101,0.0
ACH-002263,0.25,0.2571198554469939,-1.3862943611198906
ACH-002263,0.0625,0.4117310462670953,-2.772588722239781
ACH-002263,0.015625,0.5021000781135209,-4.1588830833596715
ACH-002263,0.00390625,0.6361579167024245,-5.545177444479562
ACH-000969,1.0,0.6618962503147309,0.0
ACH-000969,0.25,0.6471683273404748,-1.3862943611198906
ACH-000969,0.0625,0.7259574246885564,-2.772588722239781
ACH-000969,0.015625,0.908112053561672,-4.1588830833596715
ACH-000969,0.00390625,1.0,-5.545177444479562
ACH-000841,1.0,0.3675034203949873,0.0
ACH-000841,0.25,0.3940845410194796,-1.3862943611198906
ACH-000841,0.0625,0.3956174037144948,-2.772588722239781
ACH-000841,0.015625,0.4309373203462605,-4.1588830833596715
ACH-000841,0.00390625,0.4636745358455888,-5.545177444479562
ACH-000291,1.0,0.0711856356808713,0.0
ACH-000291,0.25,0.0937938052516104,-1.3862943611198906
ACH-000291,0.0625,0.1236192952869337,-2.772588722239781
ACH-000291,0.015625,0.153978115955626,-4.1588830833596715
ACH-000291,0.00390625,0.2094981504695867,-5.545177444479562
ACH-000786,1.0,1.0,0.0
ACH-000786,0.25,0.9714241310230411,-1.3862943611198906
ACH-000786,0.0625,1.0,-2.772588722239781
ACH-000786,0.015625,1.0,-4.1588830833596715
ACH-000786,0.00390625,1.0,-5.545177444479562
ACH-000876,1.0,0.6816493176518467,0.0
ACH-000876,0.25,0.6534771459015962,-1.3862943611198906
ACH-000876,0.0625,0.8760857025283627,-2.772588722239781
ACH-000876,0.015625,1.0,-4.1588830833596715
ACH-000876,0.00390625,0.909917598614138,-5.545177444479562
ACH-000008,1.0,0.3606386073987569,0.0
ACH-000008,0.25,0.3577271831664152,-1.3862943611198906
ACH-000008,0.0625,0.3281297044497955,-2.772588722239781
ACH-000008,0.015625,0.3557702258473567,-4.1588830833596715
ACH-000008,0.00390625,0.4102288663335495,-5.545177444479562
ACH-000965,1.0,0.2827757048727958,0.0
ACH-000965,0.25,0.3116430119004812,-1.3862943611198906
ACH-000965,0.0625,0.2924848549835449,-2.772588722239781
ACH-000965,0.015625,0.354518283398181,-4.1588830833596715
ACH-000965,0.00390625,0.4468627066835867,-5.545177444479562
ACH-000730,1.0,0.3701556821960604,0.0
ACH-000730,0.25,0.4689640487198773,-1.3862943611198906
ACH-000730,0.0625,0.4824816905268089,-2.772588722239781
ACH-000730,0.015625,0.4733548383574266,-4.1588830833596715
ACH-000730,0.00390625,0.369483856022243,-5.545177444479562
ACH-001002,1.0,0.1363567812814397,0.0
ACH-001002,0.25,0.2009666401308323,-1.3862943611198906
ACH-001002,0.0625,0.233042751639449,-2.772588722239781
ACH-001002,0.015625,0.2401886063866283,-4.1588830833596715
ACH-001002,0.00390625,0.214824487083014,-5.545177444479562
ACH-000962,1.0,0.5406847074191129,0.0
ACH-000962,0.25,0.5350472250362452,-1.3862943611198906
ACH-000962,0.0625,0.5992568283028037,-2.772588722239781
ACH-000962,0.015625,0.7153091617176932,-4.1588830833596715
ACH-000962,0.00390625,0.7794365348490639,-5.545177444479562
ACH-000826,1.0,0.5328980999481108,0.0
ACH-000826,0.25,0.5131194568273664,-1.3862943611198906
ACH-000826,0.0625,0.577142098146319,-2.772588722239781
ACH-000826,0.015625,0.6342039712141091,-4.1588830833596715
ACH-000826,0.00390625,0.6837233009064998,-5.545177444479562
ACH-000614,1.0,0.4195913087377221,0.0
ACH-000614,0.25,0.3955736969721454,-1.3862943611198906
ACH-000614,0.0625,0.4338094896297421,-2.772588722239781
ACH-000614,0.015625,0.4467859749398175,-4.1588830833596715
ACH-000614,0.00390625,0.5055672306060716,-5.545177444479562
ACH-000425,1.0,0.2404524304133161,0.0
ACH-000425,0.25,0.2583899460524282,-1.3862943611198906
ACH-000425,0.0625,0.2618523501469816,-2.772588722239781
ACH-000425,0.015625,0.2543974237140577,-4.1588830833596715
ACH-000425,0.00390625,0.2825779772190557,-5.545177444479562
ACH-000191,1.0,0.0609725964243259,0.0
ACH-000191,0.25,0.0706193192332898,-1.3862943611198906
ACH-000191,0.0625,0.115473171313163,-2.772588722239781
ACH-000191,0.015625,0.122104684497574,-4.1588830833596715
ACH-000191,0.00390625,0.2013266388969926,-5.545177444479562
ACH-002205,1.0,0.4827578280957806,0.0
ACH-002205,0.25,0.4541902525385052,-1.3862943611198906
ACH-002205,0.0625,0.6797589873215905,-2.772588722239781
ACH-002205,0.015625,0.6980111139528935,-4.1588830833596715
ACH-002205,0.00390625,0.7486381255750457,-5.545177444479562
ACH-000963,1.0,0.563309386414318,0.0
ACH-000963,0.25,0.7129962305707761,-1.3862943611198906
ACH-000963,0.0625,0.8493813132364116,-2.772588722239781
ACH-000963,0.015625,0.8294712637757081,-4.1588830833596715
ACH-000963,0.00390625,0.7289221593469233,-5.545177444479562
ACH-002207,1.0,0.1346022244128362,0.0
ACH-002207,0.25,0.1514720746779817,-1.3862943611198906
ACH-002207,0.0625,0.1474754871275186,-2.772588722239781
ACH-002207,0.015625,0.1770539857087613,-4.1588830833596715
ACH-002207,0.00390625,0.1794315177187083,-5.545177444479562
ACH-000985,1.0,0.2666762629533581,0.0
ACH-000985,0.25,0.3411081632824219,-1.3862943611198906
ACH-000985,0.0625,0.3645492988011358,-2.772588722239781
ACH-000985,0.015625,0.5110533217736838,-4.1588830833596715
ACH-000985,0.00390625,0.5372097520058228,-5.545177444479562
ACH-000610,1.0,0.6706679069676723,0.0
ACH-000610,0.25,0.7872970252728468,-1.3862943611198906
ACH-000610,0.0625,0.9552545487108454,-2.772588722239781
ACH-000610,0.015625,0.8690452385656726,-4.1588830833596715
ACH-000610,0.00390625,0.9478967889855952,-5.545177444479562
ACH-001350,1.0,0.2173715110815855,0.0
ACH-001350,0.25,0.2421455775495707,-1.3862943611198906
ACH-001350,0.0625,0.2636647999661645,-2.772588722239781
ACH-001350,0.015625,0.3030546216009018,-4.1588830833596715
ACH-001350,0.00390625,0.3246801558822523,-5.545177444479562
ACH-002312,1.0,0.4349190004026842,0.0
ACH-002312,0.25,0.5157798395052652,-1.3862943611198906
ACH-002312,0.0625,0.6765382285672582,-2.772588722239781
ACH-002312,0.015625,0.6732493463346563,-4.1588830833596715
ACH-002312,0.00390625,0.7627580430498375,-5.545177444479562
ACH-000322,1.0,0.1641707124874428,0.0
ACH-000322,0.25,0.2396870851320095,-1.3862943611198906
ACH-000322,0.0625,0.3041769105143741,-2.772588722239781
ACH-000322,0.015625,0.2864781326974749,-4.1588830833596715
ACH-000322,0.00390625,0.3757829414904449,-5.545177444479562
ACH-000650,1.0,0.0713012995608003,0.0
ACH-000650,0.25,0.0747164354394496,-1.3862943611198906
ACH-000650,0.0625,0.0656574132110325,-2.772588722239781
ACH-000650,0.015625,0.0731036927760874,-4.1588830833596715
ACH-000650,0.00390625,0.064184413059615,-5.545177444479562
ACH-000121,1.0,0.309535102437831,0.0
ACH-000121,0.25,0.3946055092546532,-1.3862943611198906
ACH-000121,0.0625,0.7139796432709121,-2.772588722239781
ACH-000121,0.015625,0.7371237075416645,-4.1588830833596715
ACH-000121,0.00390625,0.6602814197973982,-5.545177444479562
ACH-000626,1.0,0.6277405904056541,0.0
ACH-000626,0.25,0.678002944888775,-1.3862943611198906
ACH-000626,0.0625,0.7097373606850873,-2.772588722239781
ACH-000626,0.015625,0.7812403657679613,-4.1588830833596715
ACH-000626,0.00390625,0.854790061987107,-5.545177444479562
ACH-000822,1.0,0.3379168756765254,0.0
ACH-000822,0.25,0.3593693294957172,-1.3862943611198906
ACH-000822,0.0625,0.3370905099670034,-2.772588722239781
ACH-000822,0.015625,0.3544961328544216,-4.1588830833596715
ACH-000822,0.00390625,0.3685655993202552,-5.545177444479562
ACH-002159,1.0,0.1377403327014656,0.0
ACH-002159,0.25,0.1632946044157029,-1.3862943611198906
ACH-002159,0.0625,0.1873381752223464,-2.772588722239781
ACH-002159,0.015625,0.2028671594026912,-4.1588830833596715
ACH-002159,0.00390625,0.2440495268876323,-5.545177444479562
ACH-000768,1.0,0.3789650047784125,0.0
ACH-000768,0.25,0.3260619007325087,-1.3862943611198906
ACH-000768,0.0625,0.4527230349773584,-2.772588722239781
ACH-000768,0.015625,0.6573952001516045,-4.1588830833596715
ACH-000768,0.00390625,0.6618408130407751,-5.545177444479562
ACH-000456,1.0,0.3260927094864432,0.0
ACH-000456,0.25,0.3513643328384633,-1.3862943611198906
ACH-000456,0.0625,0.3670142377822275,-2.772588722239781
ACH-000456,0.015625,0.4599471693745296,-4.1588830833596715
ACH-000456,0.00390625,0.636436160328683,-5.545177444479562
ACH-000835,1.0,0.5447319475667963,0.0
ACH-000835,0.25,0.7277899021364492,-1.3862943611198906
ACH-000835,0.0625,0.8098334463971185,-2.772588722239781
ACH-000835,0.015625,0.8746934044773259,-4.1588830833596715
ACH-000835,0.00390625,0.7592853557554536,-5.545177444479562
ACH-000450,1.0,0.1493818201349151,0.0
ACH-000450,0.25,0.1534227557297884,-1.3862943611198906
ACH-000450,0.0625,0.1592451790600359,-2.772588722239781
ACH-000450,0.015625,0.1681395824607946,-4.1588830833596715
ACH-000450,0.00390625,0.1993069276457688,-5.545177444479562
ACH-000572,1.0,0.1763520464265319,0.0
ACH-000572,0.25,0.2156467967025292,-1.3862943611198906
ACH-000572,0.0625,0.2167041014294267,-2.772588722239781
ACH-000572,0.015625,0.2474817194073056,-4.1588830833596715
ACH-000572,0.00390625,0.3300793295133565,-5.545177444479562
ACH-000750,1.0,0.0206891426052869,0.0
ACH-000750,0.25,0.0457945006283293,-1.3862943611198906
ACH-000750,0.0625,0.1813704839988533,-2.772588722239781
ACH-000750,0.015625,0.3002731083545324,-4.1588830833596715
ACH-000750,0.00390625,0.3510255269220038,-5.545177444479562
ACH-000327,1.0,0.6153249489748921,0.0
ACH-000327,0.25,0.6830133682099616,-1.3862943611198906
ACH-000327,0.0625,0.8678854304995278,-2.772588722239781
ACH-000327,0.015625,0.7822593759524701,-4.1588830833596715
ACH-000327,0.00390625,0.960939648698699,-5.545177444479562
ACH-000895,1.0,0.1804271332914623,0.0
ACH-000895,0.25,0.1800015248039614,-1.3862943611198906
ACH-000895,0.0625,0.1947930025860992,-2.772588722239781
ACH-000895,0.015625,0.2521298524460514,-4.1588830833596715
ACH-000895,0.00390625,0.2311533336356365,-5.545177444479562
ACH-000441,1.0,0.0657446007140501,0.0
ACH-000441,0.25,0.0736435278406677,-1.3862943611198906
ACH-000441,0.0625,0.0911001567904925,-2.772588722239781
ACH-000441,0.015625,0.1256281011717705,-4.1588830833596715
ACH-000441,0.00390625,0.1915475378947818,-5.545177444479562
ACH-000401,1.0,0.857102275202969,0.0
ACH-000401,0.25,0.8410901068518661,-1.3862943611198906
ACH-000401,0.0625,0.9650903480538509,-2.772588722239781
ACH-000401,0.015625,0.9534359305914576,-4.1588830833596715
ACH-000401,0.00390625,0.8836299392269967,-5.545177444479562
ACH-000956,1.0,0.8196475812377211,0.0
ACH-000956,0.25,0.7744827208220199,-1.3862943611198906
ACH-000956,0.0625,0.8563600162469069,-2.772588722239781
ACH-000956,0.015625,0.7969437321450888,-4.1588830833596715
ACH-000956,0.00390625,0.8369806997708803,-5.545177444479562
ACH-000988,1.0,0.4773720566333095,0.0
ACH-000988,0.25,0.5079384170330594,-1.3862943611198906
ACH-000988,0.0625,0.6288655177207056,-2.772588722239781
ACH-000988,0.015625,0.7678705519714146,-4.1588830833596715
ACH-000988,0.00390625,0.806072598894078,-5.545177444479562
ACH-000200,1.0,0.4547458926514043,0.0
ACH-000200,0.25,0.5296368332641223,-1.3862943611198906
ACH-000200,0.0625,0.6635073639352881,-2.772588722239781
ACH-000200,0.015625,0.6066973691409743,-4.1588830833596715
ACH-000200,0.00390625,0.6068939332895641,-5.545177444479562
ACH-000007,1.0,0.1091070854080993,0.0
ACH-000007,0.25,0.1864092606464465,-1.3862943611198906
ACH-000007,0.0625,0.3302264144141486,-2.772588722239781
ACH-000007,0.015625,0.5562307137781911,-4.1588830833596715
ACH-000007,0.00390625,0.8578603221857941,-5.545177444479562
ACH-000890,1.0,0.3228549684444719,0.0
ACH-000890,0.25,0.3320865482318925,-1.3862943611198906
ACH-000890,0.0625,0.3627486035211997,-2.772588722239781
ACH-000890,0.015625,0.3667870665010466,-4.1588830833596715
ACH-000890,0.00390625,0.4956838547564466,-5.545177444479562
ACH-001274,1.0,0.3979191685139966,0.0
ACH-001274,0.25,0.4791475053610289,-1.3862943611198906
ACH-001274,0.0625,0.4925492765865809,-2.772588722239781
ACH-001274,0.015625,0.5015906525515809,-4.1588830833596715
ACH-001274,0.00390625,0.5650557398535768,-5.545177444479562
ACH-002147,1.0,0.2034730152966307,0.0
ACH-002147,0.25,0.2455345152536897,-1.3862943611198906
ACH-002147,0.0625,0.2461712287026038,-2.772588722239781
ACH-002147,0.015625,0.2807155523286074,-4.1588830833596715
ACH-002147,0.00390625,0.298514428649166,-5.545177444479562
ACH-000052,1.0,0.6309536459775643,0.0
ACH-000052,0.25,0.6375891098785716,-1.3862943611198906
ACH-000052,0.0625,0.7248789237152365,-2.772588722239781
ACH-000052,0.015625,0.6169369440339707,-4.1588830833596715
ACH-000052,0.00390625,0.7519675376927907,-5.545177444479562
ACH-002145,1.0,0.9028208439440863,0.0
ACH-002145,0.25,0.9182430557346336,-1.3862943611198906
ACH-002145,0.0625,0.9307307981252662,-2.772588722239781
ACH-002145,0.015625,0.8984223633957911,-4.1588830833596715
ACH-002145,0.00390625,0.945879786130428,-5.545177444479562
ACH-000448,1.0,0.2437876877923311,0.0
ACH-000448,0.25,0.2505897119183612,-1.3862943611198906
ACH-000448,0.0625,0.282245719696363,-2.772588722239781
ACH-000448,0.015625,0.2749416030311721,-4.1588830833596715
ACH-000448,0.00390625,0.3894380442085227,-5.545177444479562
ACH-002162,1.0,0.1279987110474649,0.0
ACH-002162,0.25,0.1419703288137443,-1.3862943611198906
ACH-002162,0.0625,0.1158043070282976,-2.772588722239781
ACH-002162,0.015625,0.1410555077699268,-4.1588830833596715
ACH-002162,0.00390625,0.1687815401774623,-5.545177444479562
ACH-000814,1.0,0.4427563007526243,0.0
ACH-000814,0.25,0.4968433529046919,-1.3862943611198906
ACH-000814,0.0625,0.4778518381701431,-2.772588722239781
ACH-000814,0.015625,0.4658340858273134,-4.1588830833596715
ACH-000814,0.00390625,0.5414861169747006,-5.545177444479562
ACH-000970,1.0,0.4288876383806856,0.0
ACH-000970,0.25,0.4714223143120924,-1.3862943611198906
ACH-000970,0.0625,0.5418692600632927,-2.772588722239781
ACH-000970,0.015625,0.5846360479417313,-4.1588830833596715
ACH-000970,0.00390625,0.7087532241194,-5.545177444479562
ACH-000327,1.0,0.6196620662436211,0.0
ACH-000327,0.25,0.6474746918893057,-1.3862943611198906
ACH-000327,0.0625,0.7632055566966036,-2.772588722239781
ACH-000327,0.015625,0.8696162713144839,-4.1588830833596715
ACH-000327,0.00390625,0.92570949407501,-5.545177444479562
ACH-002310,1.0,0.3346642215301471,0.0
ACH-002310,0.25,0.3513716212505011,-1.3862943611198906
ACH-002310,0.0625,0.3443796062553169,-2.772588722239781
ACH-002310,0.015625,0.4295202661178119,-4.1588830833596715
ACH-002310,0.00390625,0.4504976085639317,-5.545177444479562
ACH-002238,1.0,0.8675904047400097,0.0
ACH-002238,0.25,0.9031636401694924,-1.3862943611198906
ACH-002238,0.0625,0.9189528302264286,-2.772588722239781
ACH-002238,0.015625,0.8877328879090359,-4.1588830833596715
ACH-002238,0.00390625,0.9939497159057096,-5.545177444479562
ACH-000219,1.0,0.0660810178994048,0.0
ACH-000219,0.25,0.0530080428225867,-1.3862943611198906
ACH-000219,0.0625,0.0305937227715937,-2.772588722239781
ACH-000219,0.015625,0.0522216902567513,-4.1588830833596715
ACH-000219,0.00390625,0.1016026682364028,-5.545177444479562
ACH-001528,1.0,0.1290092748366613,0.0
ACH-001528,0.25,0.127376558340245,-1.3862943611198906
ACH-001528,0.0625,0.1658209181347176,-2.772588722239781
ACH-001528,0.015625,0.1914599404115596,-4.1588830833596715
ACH-001528,0.00390625,0.2968939091791048,-5.545177444479562
ACH-000893,1.0,0.8259845368535093,0.0
ACH-000893,0.25,0.7498256935659758,-1.3862943611198906
ACH-000893,0.0625,0.7586282605150463,-2.772588722239781
ACH-000893,0.015625,0.8985770005574615,-4.1588830833596715
ACH-000893,0.00390625,0.947452009285054,-5.545177444479562
ACH-000810,1.0,0.1692854234096639,0.0
ACH-000810,0.25,0.1810736945342207,-1.3862943611198906
ACH-000810,0.0625,0.1664520605184091,-2.772588722239781
ACH-000810,0.015625,0.2048909800355324,-4.1588830833596715
ACH-000810,0.00390625,0.265107163772264,-5.545177444479562
ACH-000656,1.0,0.7677703775469483,0.0
ACH-000656,0.25,0.8279896712972127,-1.3862943611198906
ACH-000656,0.0625,0.8674424881332367,-2.772588722239781
ACH-000656,0.015625,0.8597692734784308,-4.1588830833596715
ACH-000656,0.00390625,0.9158503468347258,-5.545177444479562
ACH-000258,1.0,0.0856702094628539,0.0
ACH-000258,0.25,0.1065849665190779,-1.3862943611198906
ACH-000258,0.0625,0.0937198308892021,-2.772588722239781
ACH-000258,0.015625,0.0930157654979589,-4.1588830833596715
ACH-000258,0.00390625,0.0860236838227644,-5.545177444479562
ACH-000995,1.0,0.8577106832780896,0.0
ACH-000995,0.25,0.8655104431734136,-1.3862943611198906
ACH-000995,0.0625,0.8795403163775564,-2.772588722239781
ACH-000995,0.015625,0.9317784801434084,-4.1588830833596715
ACH-000995,0.00390625,0.9048654862727544,-5.545177444479562
ACH-000552,1.0,0.119380448761934,0.0
ACH-000552,0.25,0.0785604249523605,-1.3862943611198906
ACH-000552,0.0625,0.0963600185852813,-2.772588722239781
ACH-000552,0.015625,0.0938316921188137,-4.1588830833596715
ACH-000552,0.00390625,0.1862724591200824,-5.545177444479562
ACH-000258,1.0,0.0910272283272156,0.0
ACH-000258,0.25,0.0888909385025769,-1.3862943611198906
ACH-000258,0.0625,0.0873556129228354,-2.772588722239781
ACH-000258,0.015625,0.0823123323327477,-4.1588830833596715
ACH-000258,0.00390625,0.0852231607625414,-5.545177444479562
ACH-002121,1.0,0.0122528575245914,0.0
ACH-002121,0.25,0.0169138057579062,-1.3862943611198906
ACH-002121,0.0625,0.0114890280278678,-2.772588722239781
ACH-002121,0.015625,0.0199676798327083,-4.1588830833596715
ACH-002121,0.00390625,0.017172266022393,-5.545177444479562
ACH-000360,1.0,0.7663652333966603,0.0
ACH-000360,0.25,0.8488810327253876,-1.3862943611198906
ACH-000360,0.0625,0.971284312911002,-2.772588722239781
ACH-000360,0.015625,0.9331219068040908,-4.1588830833596715
ACH-000360,0.00390625,0.9180418957780692,-5.545177444479562
ACH-002143,1.0,0.4322808695968671,0.0
ACH-002143,0.25,0.464612712135436,-1.3862943611198906
ACH-002143,0.0625,0.4779130818980305,-2.772588722239781
ACH-002143,0.015625,0.5140913022979282,-4.1588830833596715
ACH-002143,0.00390625,0.4960578633564986,-5.545177444479562
ACH-000552,1.0,0.1016008368992347,0.0
ACH-000552,0.25,0.1346414544204899,-1.3862943611198906
ACH-000552,0.0625,0.0796002567965799,-2.772588722239781
ACH-000552,0.015625,0.0890659026467678,-4.1588830833596715
ACH-000552,0.00390625,0.1736372501056081,-5.545177444479562
ACH-000465,1.0,0.3082031310652402,0.0
ACH-000465,0.25,0.3414587154465417,-1.3862943611198906
ACH-000465,0.0625,0.3699885463334608,-2.772588722239781
ACH-000465,0.015625,0.3950823961598432,-4.1588830833596715
ACH-000465,0.00390625,0.5357284345151285,-5.545177444479562
ACH-000657,1.0,0.2527817255135012,0.0
ACH-000657,0.25,0.3121131754642711,-1.3862943611198906
ACH-000657,0.0625,0.4777348581961653,-2.772588722239781
ACH-000657,0.015625,0.6882517853531599,-4.1588830833596715
ACH-000657,0.00390625,0.7196953854580769,-5.545177444479562
ACH-000580,1.0,0.0980097037611287,0.0
ACH-000580,0.25,0.1011481423936156,-1.3862943611198906
ACH-000580,0.0625,0.1212840865301454,-2.772588722239781
ACH-000580,0.015625,0.115497096463596,-4.1588830833596715
ACH-000580,0.00390625,0.1627432928088488,-5.545177444479562
ACH-000219,1.0,0.0563081674417406,0.0
ACH-000219,0.25,0.0328260994385446,-1.3862943611198906
ACH-000219,0.0625,0.0326309163748251,-2.772588722239781
ACH-000219,0.015625,0.0544387601511023,-4.1588830833596715
ACH-000219,0.00390625,0.1435441216216579,-5.545177444479562
ACH-000812,1.0,0.2519086946632498,0.0
ACH-000812,0.25,0.2981577450035247,-1.3862943611198906
ACH-000812,0.0625,0.3582235301817512,-2.772588722239781
ACH-000812,0.015625,0.5960664054028385,-4.1588830833596715
ACH-000812,0.00390625,0.4284554409748832,-5.545177444479562
ACH-000552,1.0,0.1200326189595409,0.0
ACH-000552,0.25,0.0685371123612641,-1.3862943611198906
ACH-000552,0.0625,0.1289418249896753,-2.772588722239781
ACH-000552,0.015625,0.1215043707769844,-4.1588830833596715
ACH-000552,0.00390625,0.1677616374789926,-5.545177444479562
ACH-000304,1.0,0.1573617830713626,0.0
ACH-000304,0.25,0.3286861507562021,-1.3862943611198906
ACH-000304,0.0625,0.3660830838740488,-2.772588722239781
ACH-000304,0.015625,0.4529469534719528,-4.1588830833596715
ACH-000304,0.00390625,0.6267573639236664,-5.545177444479562
ACH-001306,1.0,0.3562502036821717,0.0
ACH-001306,0.25,0.3884660833831382,-1.3862943611198906
ACH-001306,0.0625,0.4542990325617266,-2.772588722239781
ACH-001306,0.015625,0.4928822861330019,-4.1588830833596715
ACH-001306,0.00390625,0.4806368062980035,-5.545177444479562
ACH-000219,1.0,0.1162242259915505,0.0
ACH-000219,0.25,0.1408865628349833,-1.3862943611198906
ACH-000219,0.0625,0.0909111545494671,-2.772588722239781
ACH-000219,0.015625,0.1158080585156693,-4.1588830833596715
ACH-000219,0.00390625,0.2254114383000189,-5.545177444479562
ACH-002206,1.0,0.461706315449629,0.0
ACH-002206,0.25,0.5185337072706107,-1.3862943611198906
ACH-002206,0.0625,0.5473814454948686,-2.772588722239781
ACH-002206,0.015625,0.5213469444894712,-4.1588830833596715
ACH-002206,0.00390625,0.6193038644501929,-5.545177444479562
ACH-000943,1.0,0.2616601646653304,0.0
ACH-000943,0.25,0.2717442769899402,-1.3862943611198906
ACH-000943,0.0625,0.4555943359997003,-2.772588722239781
ACH-000943,0.015625,0.6429269075139095,-4.1588830833596715
ACH-000943,0.00390625,0.6882426565631966,-5.545177444479562
ACH-000580,1.0,0.1872314757138245,0.0
ACH-000580,0.25,0.188410387393883,-1.3862943611198906
ACH-000580,0.0625,0.2185463172153789,-2.772588722239781
ACH-000580,0.015625,0.2614046689175062,-4.1588830833596715
ACH-000580,0.00390625,0.3845272575036174,-5.545177444479562
ACH-002162,1.0,0.1179458644685027,0.0
ACH-002162,0.25,0.1059440641984622,-1.3862943611198906
ACH-002162,0.0625,0.0608692826766654,-2.772588722239781
ACH-002162,0.015625,0.104721545795321,-4.1588830833596715
ACH-002162,0.00390625,0.0919074409384757,-5.545177444479562
ACH-000327,1.0,0.5746201248472924,0.0
ACH-000327,0.25,0.5759706472398738,-1.3862943611198906
ACH-000327,0.0625,0.6066937903821362,-2.772588722239781
ACH-000327,0.015625,0.9283440344079096,-4.1588830833596715
ACH-000327,0.00390625,0.7828885523444186,-5.545177444479562
ACH-000906,1.0,0.1532922103510948,0.0
ACH-000906,0.25,0.2560340255544143,-1.3862943611198906
ACH-000906,0.0625,0.2881638516334661,-2.772588722239781
ACH-000906,0.015625,0.3209550288044735,-4.1588830833596715
ACH-000906,0.00390625,0.361368032968732,-5.545177444479562
ACH-000955,1.0,0.3510073213966189,0.0
ACH-000955,0.25,0.3609836708541755,-1.3862943611198906
ACH-000955,0.0625,0.3818122526855859,-2.772588722239781
ACH-000955,0.015625,0.4484944888107257,-4.1588830833596715
ACH-000955,0.00390625,0.4913342020128718,-5.545177444479562
ACH-000423,1.0,0.4114926321478245,0.0
ACH-000423,0.25,0.3454841121533576,-1.3862943611198906
ACH-000423,0.0625,0.4421949509581635,-2.772588722239781
ACH-000423,0.015625,0.4454474528554067,-4.1588830833596715
ACH-000423,0.00390625,0.4388608592666153,-5.545177444479562
ACH-000580,1.0,0.1991358124426418,0.0
ACH-000580,0.25,0.2258645757597021,-1.3862943611198906
ACH-000580,0.0625,0.2395984867381234,-2.772588722239781
ACH-000580,0.015625,0.258795141790169,-4.1588830833596715
ACH-000580,0.00390625,0.300374266371279,-5.545177444479562
ACH-000827,1.0,0.3377279730981342,0.0
ACH-000827,0.25,0.48932093036056,-1.3862943611198906
ACH-000827,0.0625,0.460023477539242,-2.772588722239781
ACH-000827,0.015625,0.5175595022604421,-4.1588830833596715
ACH-000827,0.00390625,0.4634884294653273,-5.545177444479562
ACH-000957,1.0,0.451828424155121,0.0
ACH-000957,0.25,0.4397274855161057,-1.3862943611198906
ACH-000957,0.0625,0.3649849339784125,-2.772588722239781
ACH-000957,0.015625,0.5017097391411598,-4.1588830833596715
ACH-000957,0.00390625,0.6603373507897162,-5.545177444479562
ACH-002166,1.0,0.3036371640818744,0.0
ACH-002166,0.25,0.3023882009995029,-1.3862943611198906
ACH-002166,0.0625,0.3149830685273807,-2.772588722239781
ACH-002166,0.015625,0.3149171510313667,-4.1588830833596715
ACH-002166,0.00390625,0.3453895373466343,-5.545177444479562
ACH-000219,1.0,0.1128793906409941,0.0
ACH-000219,0.25,0.1067288161944871,-1.3862943611198906
ACH-000219,0.0625,0.1332875354778012,-2.772588722239781
ACH-000219,0.015625,0.1311942834587675,-4.1588830833596715
ACH-000219,0.00390625,0.1314976902678601,-5.545177444479562
ACH-000552,1.0,0.2313057516659009,0.0
ACH-000552,0.25,0.235907982699149,-1.3862943611198906
ACH-000552,0.0625,0.2671113776722337,-2.772588722239781
ACH-000552,0.015625,0.2590168409288783,-4.1588830833596715
ACH-000552,0.00390625,0.2847210814849337,-5.545177444479562
ACH-000219,1.0,0.1009372606309387,0.0
ACH-000219,0.25,0.1136324310817496,-1.3862943611198906
ACH-000219,0.0625,0.1266627649765743,-2.772588722239781
ACH-000219,0.015625,0.1396212781333961,-4.1588830833596715
ACH-000219,0.00390625,0.131178921382904,-5.545177444479562
ACH-000219,1.0,0.1145442279547368,0.0
ACH-000219,0.25,0.119867595331724,-1.3862943611198906
ACH-000219,0.0625,0.1227152518609249,-2.772588722239781
ACH-000219,0.015625,0.1139299285261563,-4.1588830833596715
ACH-000219,0.00390625,0.1505716271818871,-5.545177444479562
ACH-000552,1.0,0.2212633752904947,0.0
ACH-000552,0.25,0.2635063183032019,-1.3862943611198906
ACH-000552,0.0625,0.2408229148158735,-2.772588722239781
ACH-000552,0.015625,0.2697655239881369,-4.1588830833596715
ACH-000552,0.00390625,0.3466349590861159,-5.545177444479562
ACH-000805,1.0,0.1833722357847866,0.0
ACH-000805,0.25,0.1876490680892815,-1.3862943611198906
ACH-000805,0.0625,0.2153462059916522,-2.772588722239781
ACH-000805,0.015625,0.2135099573391788,-4.1588830833596715
ACH-000805,0.00390625,0.2347639544002125,-5.545177444479562
ACH-000552,1.0,0.2578273793138534,0.0
ACH-000552,0.25,0.253166444655214,-1.3862943611198906
ACH-000552,0.0625,0.2968417090553406,-2.772588722239781
ACH-000552,0.015625,0.3197038568147835,-4.1588830833596715
ACH-000552,0.00390625,0.3932778010450748,-5.545177444479562
ACH-000269,1.0,0.943454502517057,0.0
ACH-000269,0.25,0.953215345976724,-1.3862943611198906
ACH-000269,0.0625,1.0,-2.772588722239781
ACH-000269,0.015625,0.973447695574324,-4.1588830833596715
ACH-000269,0.00390625,0.96756277091295,-5.545177444479562
ACH-000580,1.0,0.0981937869245485,0.0
ACH-000580,0.25,0.1055570018725521,-1.3862943611198906
ACH-000580,0.0625,0.1308323740774437,-2.772588722239781
ACH-000580,0.015625,0.154254847908429,-4.1588830833596715
ACH-000580,0.00390625,0.2063488679873405,-5.545177444479562
ACH-000580,1.0,0.0891201383780489,0.0
ACH-000580,0.25,0.1206974234725176,-1.3862943611198906
ACH-000580,0.0625,0.1180310550423435,-2.772588722239781
ACH-000580,0.015625,0.1365227700256735,-4.1588830833596715
ACH-000580,0.00390625,0.2004351003368628,-5.545177444479562
ACH-000580,1.0,0.1019123967583272,0.0
ACH-000580,0.25,0.1190459662394568,-1.3862943611198906
ACH-000580,0.0625,0.1262313989817534,-2.772588722239781
ACH-000580,0.015625,0.1417770142526998,-4.1588830833596715
ACH-000580,0.00390625,0.2019174767303498,-5.545177444479562
ACH-000750,1.0,0.0359346853669262,0.0
ACH-000750,0.25,0.0412694808293863,-1.3862943611198906
ACH-000750,0.0625,0.1728799309266025,-2.772588722239781
ACH-000750,0.015625,0.1955371210671683,-4.1588830833596715
ACH-000750,0.00390625,0.2946241475332455,-5.545177444479562
ACH-000579,1.0,0.198683596679798,0.0
ACH-000579,0.25,0.2191356313237449,-1.3862943611198906
ACH-000579,0.0625,0.2173850031837267,-2.772588722239781
ACH-000579,0.015625,0.2226273646945879,-4.1588830833596715
ACH-000579,0.00390625,0.2141853056948088,-5.545177444479562
ACH-002159,1.0,0.1504343134015363,0.0
ACH-002159,0.25,0.1701069740157784,-1.3862943611198906
ACH-002159,0.0625,0.1860191197123838,-2.772588722239781
ACH-002159,0.015625,0.1973442465918225,-4.1588830833596715
ACH-002159,0.00390625,0.2030363836174008,-5.545177444479562
ACH-000269,1.0,0.9429825133324464,0.0
ACH-000269,0.25,0.9555960045129596,-1.3862943611198906
ACH-000269,0.015625,0.994443196225614,-4.1588830833596715
ACH-000269,0.00390625,0.997989202224829,-5.545177444479562
ACH-000932,1.0,0.6898037711545856,0.0
ACH-000932,0.25,0.7727658281693702,-1.3862943611198906
ACH-000932,0.0625,0.7961589216421189,-2.772588722239781
ACH-000932,0.015625,0.9189845843501184,-4.1588830833596715
ACH-000932,0.00390625,0.9383866935581616,-5.545177444479562
ACH-000963,1.0,1.0,0.0
ACH-000963,0.25,0.9268915194513294,-1.3862943611198906
ACH-000963,0.0625,1.0,-2.772588722239781
ACH-000535,1.0,0.2366796950475511,0.0
ACH-000535,0.25,0.3094916888502103,-1.3862943611198906
ACH-000535,0.0625,0.3614321848245139,-2.772588722239781
ACH-000535,0.015625,0.4915113147222238,-4.1588830833596715
ACH-000535,0.00390625,0.5733123014684948,-5.545177444479562
ACH-000755,1.0,1.0,0.0
ACH-000755,0.25,1.0,-1.3862943611198906
ACH-000755,0.0625,1.0,-2.772588722239781
ACH-000755,0.015625,1.0,-4.1588830833596715
ACH-000755,0.00390625,1.0,-5.545177444479562
ACH-000361,1.0,0.3720896144300594,0.0
ACH-000361,0.25,0.4036171437234113,-1.3862943611198906
ACH-000361,0.0625,0.5441636312227809,-2.772588722239781
ACH-000361,0.015625,0.6346686753531025,-4.1588830833596715
ACH-000361,0.00390625,0.6747508329640085,-5.545177444479562
ACH-001039,1.0,0.2238717274586754,0.0
ACH-001039,0.25,0.2665282286040379,-1.3862943611198906
ACH-001039,0.0625,0.3033791060399298,-2.772588722239781
ACH-001039,0.015625,0.3655176880125855,-4.1588830833596715
ACH-001039,0.00390625,0.4614730096365714,-5.545177444479562
ACH-001333,1.0,0.3156622205967763,0.0
ACH-001333,0.25,0.351240011375803,-1.3862943611198906
ACH-001333,0.0625,0.4721418259320981,-2.772588722239781
ACH-001333,0.015625,0.5198849160256791,-4.1588830833596715
ACH-001333,0.00390625,0.6147322150288547,-5.545177444479562
ACH-000999,1.0,0.6978680046142764,0.0
ACH-000999,0.25,0.7637279144349152,-1.3862943611198906
ACH-000999,0.0625,0.7986860091579432,-2.772588722239781
ACH-000999,0.015625,0.800347480989754,-4.1588830833596715
ACH-000999,0.00390625,0.8605052490938481,-5.545177444479562
ACH-000346,1.0,0.5554234362813681,0.0
ACH-000346,0.25,0.5535515619003126,-1.3862943611198906
ACH-000346,0.0625,0.5944152909725462,-2.772588722239781
ACH-000346,0.015625,0.6314518094224919,-4.1588830833596715
ACH-000346,0.00390625,0.6645304451349494,-5.545177444479562
ACH-002258,1.0,0.0466834291070671,0.0
ACH-002258,0.25,0.0497381073242798,-1.3862943611198906
ACH-002258,0.0625,0.0402940167572232,-2.772588722239781
ACH-002258,0.015625,0.0488192823336153,-4.1588830833596715
ACH-002258,0.00390625,0.0531284688084468,-5.545177444479562
ACH-000236,1.0,0.6493099770526675,0.0
ACH-000236,0.25,0.6880002500369891,-1.3862943611198906
ACH-000236,0.0625,0.7410205399216112,-2.772588722239781
ACH-000236,0.015625,0.7399040657436313,-4.1588830833596715
ACH-000236,0.00390625,0.8749279030951065,-5.545177444479562
ACH-000640,1.0,0.7248090293741495,0.0
ACH-000640,0.25,0.7129479947034494,-1.3862943611198906
ACH-000640,0.0625,0.7920474002089247,-2.772588722239781
ACH-000640,0.015625,0.8458742743245422,-4.1588830833596715
ACH-000640,0.00390625,0.7739224988624561,-5.545177444479562
ACH-000219,1.0,0.1254891963543211,0.0
ACH-000219,0.25,0.1339175959178581,-1.3862943611198906
ACH-000219,0.0625,0.1185792773792554,-2.772588722239781
ACH-000219,0.015625,0.1493798343096003,-4.1588830833596715
ACH-000219,0.00390625,0.1992492522230628,-5.545177444479562
ACH-000219,1.0,0.1069384319219601,0.0
ACH-000219,0.25,0.1183042790484879,-1.3862943611198906
ACH-000219,0.0625,0.117115449822777,-2.772588722239781
ACH-000219,0.015625,0.1465856200457813,-4.1588830833596715
ACH-000219,0.00390625,0.1891951076004845,-5.545177444479562
ACH-000219,1.0,0.1232212241883235,0.0
ACH-000219,0.25,0.1233635840291671,-1.3862943611198906
ACH-000219,0.0625,0.1235780482049833,-2.772588722239781
ACH-000219,0.015625,0.1347283365183266,-4.1588830833596715
ACH-000219,0.00390625,0.1810655402983501,-5.545177444479562
ACH-000580,1.0,0.079133244299077,0.0
ACH-000580,0.25,0.1029329188260413,-1.3862943611198906
ACH-000580,0.0625,0.1140425124765109,-2.772588722239781
ACH-000580,0.015625,0.115043145622858,-4.1588830833596715
ACH-000580,0.00390625,0.2314039519129491,-5.545177444479562
ACH-000580,1.0,0.0622260675352416,0.0
ACH-000580,0.25,0.0727113849808164,-1.3862943611198906
ACH-000580,0.0625,0.0756684159225521,-2.772588722239781
ACH-000580,0.015625,0.1129931937595814,-4.1588830833596715
ACH-000580,0.00390625,0.1668721069733323,-5.545177444479562
ACH-000580,1.0,0.0818909448076569,0.0
ACH-000580,0.25,0.0956461987972011,-1.3862943611198906
ACH-000580,0.0625,0.1087762139690387,-2.772588722239781
ACH-000580,0.015625,0.1183304831751495,-4.1588830833596715
ACH-000580,0.00390625,0.1976686386054504,-5.545177444479562
